Keyword, Search Volume (Normalized 0-100), Growth (Normalized 0-100), Type, CPC, Competition, Keyword Difficulty
blueberry academy, 1, 0, , , 0.00, 1
blueberry academy elite 4, 0, 0, , , 0.00, 
blueberry academy pokedex, 1, 0, , , 0.00, 
blueberry academy pokemon, 0, 1, , , 0.00, 4
blueberry ak limeade strain, 0, 0, , , 0.00, 
blueberry allergy, 1, 0, , $1.81, 0.00, 
blueberry almonds, 1, 0, , $0.56, 0.98, 
blueberry and banana smoothie, 2, 0, , $1.60, 0.04, 16
blueberry applesauce, 0, 0, , $0.23, 0.89, 
blueberry arizona tea, 0, 1, , $0.19, 0.92, 
blueberry at aldi, 0, 0, attribute, , 0.00, 
blueberry at blewbury, 0, 0, attribute, , 0.00, 
blueberry at checkers, 0, 0, attribute, , 0.00, 
blueberry at coles, 0, 0, attribute, , 0.00, 
blueberry at costco, 0, 0, attribute, , 0.00, 
blueberry at home, 0, 0, attribute, , 0.00, 60
blueberry at night, 0, 0, attribute, , 0.00, 
blueberry at shoprite, 0, 0, attribute, , 0.00, 
blueberry at walmart, 0, 0, attribute, , 0.00, 
blueberry at woolworths, 0, 0, attribute, , 0.00, 
blueberry bagel recipe, 2, 0, , $0.41, 0.00, 
blueberry banana bread, 3, 0, , $0.78, 0.01, 25
blueberry benefits, 7, 0, , $0.24, 0.04, 34
blueberry bread, 5, 0, , $0.33, 0.17, 17
blueberry bread recipe, 6, 0, , $0.83, 0.00, 14
blueberry brunch, 5, 1, , $1.84, 0.04, 
blueberry buckle, 5, 0, , $0.13, 0.02, 6
blueberry buckle recipe, 3, 0, , $0.09, 0.04, 8
blueberry bush, 20, 1, , $0.90, 1.00, 8
blueberry bushes for sale, 4, 1, , $2.08, 1.00, 
blueberry cafe, 7, 0, , $1.83, 0.01, 4
blueberry cake, 7, 0, , $0.42, 0.28, 28
blueberry cake recipe, 5, 0, , $0.22, 0.01, 31
blueberry calories, 11, 1, , $0.04, 0.00, 17
blueberry cheesecake, 7, 0, , $0.43, 0.57, 18
blueberry cobbler, 25, 0, , $0.62, 0.03, 21
blueberry cobbler recipe, 30, 0, , $0.24, 0.04, 21
blueberry compote, 7, 0, , $0.15, 0.07, 9
blueberry cottage cheese breakfast bake, 4, 0, , $8.33, 0.00, 
blueberry crisp, 6, 0, , $0.12, 0.03, 11
blueberry crisp without oats, 0, 0, , , 0.00, 2
blueberry crumble, 7, 0, , $0.28, 0.03, 3
blueberry danish, 1, 0, , $0.22, 0.63, 
blueberry delight recipe, 1, 0, , $0.66, 0.01, 
blueberry dessert recipes, 3, 0, , $0.13, 0.34, 22
blueberry desserts, 7, 0, , $0.12, 0.35, 9
blueberry donut dunkin, 1, 0, , $0.23, 0.03, 
blueberry donuts, 3, 0, , $0.28, 0.51, 1
blueberry drawing, 3, 1, , $0.05, 0.09, 
blueberry dump cake, 4, 0, , $0.85, 0.01, 12
blueberry dump cake recipe, 1, 0, , $0.55, 0.01, 9
blueberry dutch baby, 0, 0, , , 0.00, 
blueberry earrings, 0, 0, , $0.54, 1.00, 
blueberry eggo waffles, 1, 0, , $0.22, 0.86, 
blueberry elite four, 0, 0, , , 0.00, 
blueberry elliott, 1, 1, , $0.62, 1.00, 
blueberry em portugues, 0, 0, , , 0.00, 
blueberry emoji, 1, 0, , , 0.00, 
blueberry en espa√±ol, 13, 0, , , 0.00, 
blueberry english muffins, 0, 1, , $0.19, 0.97, 
blueberry extract, 1, 0, , $1.45, 1.00, 2
blueberry eyes, 0, 0, , $0.24, 0.03, 3
blueberry farm, 7, 0, , $1.39, 0.01, 30
blueberry farm near me, 9, 0, , $0.95, 0.01, 14
blueberry farm nyc, 0, 0, , , 0.00, 8
blueberry faygo, 11, 0, , $0.07, 0.01, 18
blueberry faygo lyrics, 4, 0, , , 0.00, 8
blueberry fertilizer, 3, 1, , $0.42, 1.00, 
blueberry flax granola, 0, 1, , $0.38, 0.95, 
blueberry flowers, 1, 1, , $0.15, 0.15, 6
blueberry for baby, 0, 0, attribute, , 0.00, 
blueberry for breakfast, 1, 0, attribute, $0.77, 0.07, 24
blueberry for cats, 0, 0, attribute, , 0.00, 
blueberry for constipation, 0, 0, attribute, $0.04, 0.02, 36
blueberry for diabetics, 0, 0, attribute, , 0.00, 
blueberry for dogs, 1, 0, attribute, $0.62, 0.23, 10
blueberry for high blood pressure, 0, 0, attribute, , 0.00, 
blueberry for sal, 0, 0, attribute, , 0.00, 
blueberry for sale, 0, 0, attribute, $1.45, 1.00, 
blueberry for skin, 0, 0, attribute, , 0.33, 40
blueberry french toast casserole, 3, 1, , $0.96, 0.01, 27
blueberry frozen yogurt, 1, 0, , $0.78, 0.06, 11
blueberry galette, 1, 0, , $0.37, 0.00, 
blueberry gelato strain, 1, 0, , , 0.00, 
blueberry girl, 0, 0, , , 0.00, 
blueberry girl willy wonka, 0, 0, , , 0.00, 
blueberry glaze, 0, 0, , $0.32, 0.11, 1
blueberry glazed donut dunkin, 0, 0, , $0.02, 0.02, 
blueberry glycemic index, 0, 0, , , 0.00, 7
blueberry goat cheese, 3, 0, , $0.19, 0.90, 
blueberry grill, 9, 0, , $1.17, 0.02, 
blueberry gumbo strain, 0, 0, , , 0.00, 
blueberry haze muha med, 0, 0, , , 0.00, 
blueberry haze strain, 1, 0, , , 0.00, 
blueberry headband strain, 1, 0, , , 0.00, 
blueberry hill, 16, 0, , $1.32, 0.03, 30
blueberry hill las vegas, 5, 1, , $1.39, 0.02, 
blueberry hill lyrics, 1, 0, , , 0.00, 
blueberry hill song, 1, 1, , , 0.00, 13
blueberry hill st louis, 2, 0, , $1.21, 0.00, 5
blueberry honey, 0, 0, , $0.99, 1.00, 
blueberry hospitality, 0, 0, , , 0.01, 
blueberry ice cream, 4, 0, , $0.45, 0.69, 13
blueberry ice cream recipe, 1, 0, , $0.31, 0.01, 
blueberry ice vape, 0, 0, , , 0.00, 
blueberry in asl, 0, 1, attribute, , 0.00, 
blueberry in french, 1, 0, attribute, , 0.00, 
blueberry in hebrew, 0, 0, attribute, , 0.00, 
blueberry in hindi, 0, 1, attribute, , 0.00, 
blueberry in italian, 0, 0, attribute, , 0.00, 
blueberry in polish, 0, 0, attribute, , 0.02, 
blueberry in portuguese, 0, 0, attribute, , 0.00, 
blueberry in pot, 1, 1, attribute, $0.99, 0.94, 3
blueberry in russian, 0, 0, attribute, $0.30, 0.00, 
blueberry in spanish, 13, 0, attribute, , 0.00, 
blueberry in spanish mexico, 0, 0, attribute, , 0.00, 
blueberry inflation, 11, 1, , , 0.00, 
blueberry jam, 5, 0, , $0.43, 0.92, 8
blueberry jam geek bar, 0, 100, , $0.06, 0.26, 
blueberry jam recipe, 6, 0, , $1.08, 0.01, 12
blueberry jam without pectin, 1, 0, , $1.02, 0.01, 9
blueberry jello, 0, 0, , $0.19, 0.94, 
blueberry jelly, 1, 0, , $0.28, 0.86, 
blueberry jelly recipe, 1, 0, , , 0.00, 4
blueberry jellycat, 1, 1, , $0.21, 0.29, 
blueberry jordan 12, 2, 2, , $0.31, 0.95, 
blueberry juice, 6, 0, , $0.60, 0.99, 
blueberry juice benefits, 1, 0, , $0.53, 0.19, 7
blueberry kale smoothie, 0, 0, , $1.11, 0.06, 
blueberry kefir, 0, 1, , $0.19, 0.90, 
blueberry ketchup, 0, 0, , $0.33, 0.09, 
blueberry keto friendly, 0, 1, , $0.30, 0.02, 8
blueberry kitkat, 0, 0, , $0.15, 0.78, 
blueberry kodiak muffins, 1, 1, , $0.18, 0.97, 3
blueberry kombucha, 0, 0, , $0.35, 0.91, 
blueberry kool aid, 0, 0, , $0.33, 0.79, 
blueberry kuchen, 0, 0, , , 0.05, 
blueberry kush strain, 1, 0, , , 0.00, 7
blueberry lemon bread, 2, 0, , $0.26, 0.06, 11
blueberry lemon cake, 3, 0, , $0.34, 0.30, 26
blueberry lemon drop, 1, 1, , $0.85, 0.03, 
blueberry lemon drop martini, 1, 0, , $0.74, 0.15, 
blueberry lemon loaf, 3, 0, , $0.92, 0.03, 18
blueberry lemon muffins, 2, 0, , $0.51, 0.10, 10
blueberry lemon scones, 4, 1, , $0.33, 0.07, 30
blueberry lemon sourdough, 1, 1, , $0.76, 0.01, 
blueberry lemonade, 5, 0, , $1.15, 0.83, 8
blueberry loaf recipe, 1, 0, , $0.86, 0.00, 18
blueberry mahwah, 0, 1, , , 0.00, 
blueberry milk nails, 2, 0, , $0.34, 0.89, 
blueberry milk stanley, 3, 2, , $0.25, 1.00, 
blueberry milkshake without ice cream, 0, 0, , , 0.00, 
blueberry mountain, 0, 0, , $0.04, 0.01, 
blueberry muffin calories, 2, 0, , $0.18, 0.09, 
blueberry muffin recipe, 82, 0, , $0.70, 0.06, 42
blueberry muffin recipe easy, 7, 0, , $0.41, 0.10, 34
blueberry muffin strain, 9, 0, , , 0.00, 14
blueberry muffin strawberry shortcake, 9, 0, , $0.21, 0.02, 
blueberry muffins, 45, 0, , $0.44, 0.47, 46
blueberry nails, 1, 1, , $0.10, 0.71, 
blueberry near me, 4, 0, , $0.70, 0.69, 2
blueberry netting, 1, 0, , $0.62, 1.00, 
blueberry nights, 2, 1, , $0.03, 0.00, 21
blueberry northland, 0, 1, , $0.89, 1.00, 
blueberry nougat, 2, 0, , $0.23, 0.01, 
blueberry nougat waffle house, 1, 0, , , 0.00, 
blueberry nutrition, 16, 0, , $0.63, 0.03, 38
blueberry nutrition facts 100g, 1, 0, , , 0.00, 8
blueberry nutritional facts, 5, 1, , $1.41, 0.01, 38
blueberry oakland, 0, 0, , , 0.00, 
blueberry oat muffins, 3, 0, , $0.60, 0.13, 14
blueberry oatmeal, 1, 1, , $0.30, 0.89, 17
blueberry oatmeal bake, 1, 0, , $0.58, 0.00, 20
blueberry oatmeal bars, 1, 0, , $0.48, 0.26, 5
blueberry oatmeal cookies, 1, 0, , $0.50, 0.07, 
blueberry oatmeal muffins, 3, 0, , $0.60, 0.13, 14
blueberry octopus, 1, 100, , , 0.00, 
blueberry og strain, 0, 0, , , 0.00, 2
blueberry on bush, 0, 0, attribute, $0.10, 0.78, 7
blueberry on clouds, 0, 0, attribute, , 0.00, 
blueberry on keto, 0, 0, attribute, $1.39, 0.07, 2
blueberry on plant, 11, 0, attribute, $0.72, 1.00, 14
blueberry on sale, 0, 0, attribute, , 0.00, 
blueberry on stem, 0, 0, attribute, , 0.00, 
blueberry on tree, 0, 0, attribute, , 0.00, 
blueberry on vine, 0, 0, attribute, , 0.00, 
blueberry on willy wonka, 0, 0, attribute, , 0.00, 
blueberry overnight oats, 2, 0, , $1.17, 0.35, 6
blueberry pancake recipe, 9, 0, , $1.17, 0.07, 13
blueberry pancakes, 11, 0, , $0.81, 0.19, 31
blueberry pediatrics, 0, 0, , , 0.00, 10
blueberry picking, 11, 0, , $0.80, 0.01, 4
blueberry picking near me, 55, 0, , $0.86, 0.01, 33
blueberry picking nyc, 1, 0, , $5.18, 0.03, 19
blueberry pie, 16, 0, , $0.46, 0.19, 33
blueberry pie filling recipe, 4, 0, , $0.47, 0.03, 10
blueberry pie recipe, 20, 0, , $0.41, 0.07, 22
blueberry plant, 11, 0, , $0.72, 1.00, 14
blueberry plant from blueberry, 0, 1, , $0.01, 0.60, 55
blueberry quartz, 0, 0, , $0.20, 0.70, 
blueberry quesadilla, 0, 0, , , 0.00, 
blueberry quest bar, 0, 0, , $0.42, 0.98, 
blueberry quests, 0, 0, , $0.39, 0.84, 
blueberry quick bread, 0, 0, , , 0.01, 17
blueberry quick bread recipe, 0, 0, , , 0.00, 16
blueberry quilt, 0, 0, , $0.72, 1.00, 
blueberry quinoa, 0, 0, , $0.44, 0.13, 12
blueberry quinoa salad, 0, 0, , , 0.00, 
blueberry quotes, 0, 0, , , 0.02, 
blueberry raspberry lemon lost mary, 0, 0, , , 0.00, 
blueberry razz strain, 0, 1, , , 0.00, 
blueberry recipes, 11, 0, , $0.15, 0.27, 33
blueberry red bull, 5, 1, , $0.28, 0.94, 
blueberry reduction, 0, 0, , , 0.01, 26
blueberry ricotta cake, 1, 0, , , 0.00, 11
blueberry ricotta pancakes, 0, 0, , $1.08, 0.01, 6
blueberry ricotta toast, 0, 0, , , 0.00, 
blueberry runtz strain, 0, 0, , , 0.00, 45
blueberry rx bars, 1, 0, , $0.75, 1.00, 
blueberry sauce recipe, 2, 0, , $0.07, 0.02, 17
blueberry scone recipe, 9, 0, , $0.13, 0.03, 11
blueberry scones, 9, 0, , $0.25, 0.32, 26
blueberry scones recipe, 9, 0, , $0.13, 0.03, 9
blueberry season, 5, 1, , $0.02, 0.00, 
blueberry shortage, 0, 0, , , 0.00, 
blueberry smoothie, 7, 0, , $1.09, 0.20, 16
blueberry smoothie recipe, 7, 0, , $0.93, 0.11, 22
blueberry smoothie without banana, 0, 1, , $0.92, 0.02, 
blueberry splash, 0, 0, , , 0.00, 
blueberry splash strain, 0, 2, , , 0.00, 
blueberry strain, 3, 0, , , 0.00, 17
blueberry syrup, 6, 0, , $0.44, 1.00, 5
blueberry syrup recipe, 4, 0, , $1.00, 0.00, 8
blueberry tart, 2, 0, , $0.94, 0.02, 15
blueberry tart recipe, 1, 0, , $0.83, 0.00, 4
blueberry tattoo, 1, 0, , $0.05, 0.01, 
blueberry tea, 2, 0, , $0.42, 1.00, 
blueberry tea benefits, 0, 0, , $0.83, 0.09, 4
blueberry topping, 0, 0, , $0.38, 0.60, 26
blueberry topping for cheesecake, 1, 0, , $0.28, 0.11, 6
blueberry tree, 5, 0, , $0.42, 0.99, 18
blueberry treehouse farm, 2, 0, , , 0.00, 11
blueberry turnovers, 1, 0, , $0.25, 0.19, 
blueberry u pick, 1, 0, , $0.61, 0.01, 
blueberry u pick near me, 1, 0, , $0.90, 0.02, 14
blueberry ugly, 0, 0, , , 0.00, 
blueberry uncrustables, 0, 0, , $0.13, 0.88, 2
blueberry undertale, 0, 0, , , 0.00, 
blueberry unfrosted pop tarts, 0, 0, , $0.30, 0.98, 
blueberry upside down cake, 1, 0, , $1.31, 0.00, 13
blueberry upside down cake with cake mix, 0, 0, , , 0.00, 20
blueberry urban dictionary, 0, 0, , , 0.00, 
blueberry uses, 0, 0, , $0.11, 0.08, 22
blueberry vanilla goat cheese, 0, 0, , $0.26, 0.91, 
blueberry vape, 0, 0, , , 0.00, 
blueberry varieties, 1, 0, , $0.96, 0.71, 2
blueberry village, 1, 0, , $1.66, 0.19, 
blueberry village reviews, 0, 1, , $0.57, 0.01, 
blueberry vinaigrette, 0, 0, , $0.36, 0.70, 
blueberry vitamins, 1, 1, , $1.07, 0.43, 46
blueberry vodka, 3, 0, , $0.48, 0.98, 
blueberry vodka drinks, 1, 0, , $0.78, 0.32, 1
blueberry vodka lemonade, 1, 0, , $0.70, 0.53, 
blueberry waffles, 3, 0, , $0.27, 0.80, 15
blueberry water, 0, 0, , $0.43, 0.66, 
blueberry watermelon, 0, 1, , , 0.00, 
blueberry watermelon geek bar, 0, 0, , , 0.00, 
blueberry weed strain, 0, 0, , , 0.00, 
blueberry white tea, 0, 1, , $0.36, 0.96, 
blueberry white tea arizona, 2, 1, , $0.26, 0.94, 
blueberry willy wonka, 3, 0, , , 0.00, 
blueberry wine, 5, 0, , $0.40, 0.95, 
blueberry wine recipe, 0, 0, , $0.02, 0.00, 
blueberry with 216, 0, 0, attribute, , 0.00, 
blueberry with chocolate, 1, 0, attribute, $1.08, 0.97, 
blueberry with eyes, 0, 1, attribute, , 0.00, 31
blueberry with face, 0, 1, attribute, , 0.00, 
blueberry with leaf, 0, 1, attribute, , 0.13, 
blueberry with leaves, 0, 1, attribute, , 0.13, 
blueberry with no eyes, 0, 0, attribute, , 0.00, 
blueberry with numbers on it, 0, 0, attribute, , 0.00, 
blueberry with stem, 0, 0, attribute, , 0.00, 
blueberry with yogurt, 0, 0, attribute, $0.47, 0.40, 
blueberry without added sugar, 0, 0, attribute, , 0.00, 
blueberry without background, 0, 1, attribute, , 0.00, 
blueberry without seeds, 0, 1, attribute, , 0.00, 
blueberry without skin, 0, 1, attribute, , 0.00, 30
blueberry without sugar, 0, 0, attribute, , 0.43, 
blueberry x, 0, 1, , , 0.00, 
blueberry x haze, 0, 0, , , 0.00, 
blueberry x og kush, 0, 1, , , 0.00, 
blueberry x strain, 0, 1, , , 0.00, 
blueberry x super silver haze, 0, 0, , , 0.00, 
blueberry xxl, 0, 0, , $0.01, 0.09, 
blueberry xxl wine, 0, 0, , $0.27, 0.93, 
blueberry yogurt, 1, 0, , $0.41, 0.94, 
blueberry yogurt academy, 0, 2, , , 0.00, 
blueberry yogurt cake, 1, 0, , $0.04, 0.02, 5
blueberry yogurt cake paris baguette, 0, 0, , $0.35, 0.00, 
blueberry yogurt muffins, 1, 0, , $0.56, 0.02, 9
blueberry yogurt smoothie, 0, 0, , $1.26, 0.17, 13
blueberry yum yum, 2, 0, , $0.70, 0.00, 5
blueberry yum yum lyrics, 0, 0, , , 0.00, 
blueberry yum yum recipe, 1, 0, , $1.17, 0.01, 2
blueberry yum yum strain, 1, 0, , , 0.00, 
blueberry zkittlez strain, 0, 0, , , 0.00, 2
blueberry zlushie strain, 0, 0, , , 0.00, 
blueberry zones, 0, 1, , $4.94, 0.12, 5
blueberry zookies, 0, 1, , , 0.00, 
blueberry zookies strain, 0, 1, , , 0.00, 
blueberry zucchini bread, 1, 0, , $0.87, 0.01, 28
blueberry zucchini muffins, 1, 0, , $0.25, 0.15, 1
blueberry zyn, 0, 0, , $1.34, 0.98, 
are blueberry bagels healthy, 0, 1, question, , 0.00, 
are blueberry bushes hard to grow, 0, 2, question, $0.73, 0.05, 8
are blueberry bushes perennial, 0, 1, question, , 0.01, 15
are blueberry bushes self pollinating, 0, 1, question, , 0.03, 
are blueberry good for you, 0, 1, question, $2.61, 0.10, 41
are blueberry muffins good for you, 0, 1, question, , 0.00, 6
are blueberry muffins healthy, 0, 1, question, , 0.00, 23
are blueberry plants toxic to cats, 0, 1, question, , 0.01, 3
are blueberry plants toxic to dogs, 0, 1, question, , 0.00, 
beacon blueberry, 0, 0, , , 0.00, 
benefits of blueberry, 13, 0, , $0.33, 0.06, 27
bread blueberry, 0, 0, , , 0.00, 
bush blueberry, 0, 0, , , 0.00, 
calories in a blueberry, 11, 1, , $0.04, 0.00, 20
can dogs eat blueberry, 1, 0, question, $0.12, 0.02, 19
chocolate blueberry, 1, 0, , $1.08, 0.97, 
dog can eat blueberry, 100, 0, , $0.23, 0.02, 27
dogs blueberry, 11, 0, , $0.37, 0.12, 21
drawing of blueberry, 3, 1, , $0.05, 0.09, 
dry blueberry, 5, 0, , $0.56, 1.00, 
duke blueberry, 1, 1, , $0.67, 1.00, 
dutch baby blueberry, 0, 0, , , 0.00, 
emerald blueberry, 0, 1, , $0.79, 1.00, 
fanta blueberry, 0, 0, , $0.09, 0.30, 
faygo blueberry, 100, 0, brand, $0.07, 0.01, 20
fiber in blueberry, 6, 1, , $1.57, 0.00, 46
filling blueberry, 0, 0, , , 0.00, 
french for blueberry, 1, 0, , , 0.00, 
frozen blueberry, 2, 0, , $0.24, 0.91, 4
fruit blueberry, 3, 0, , $0.23, 0.62, 43
gin blueberry, 0, 0, , $0.41, 0.89, 
girl from willy wonka blueberry, 0, 0, , , 0.00, 
granola blueberry, 0, 1, , $0.25, 1.00, 
hindi of blueberry, 0, 0, , , 0.00, 
how much calories in a blueberry, 0, 1, question, , 0.00, 19
how to plant blueberry, 0, 1, question, $0.06, 0.18, 27
is blueberry a berry, 0, 0, question, , 0.00, 24
is blueberry a fruit, 0, 0, question, , 0.00, 26
is blueberry acidic, 0, 0, question, , 0.00, 
is blueberry bad for cats, 0, 1, question, , 0.00, 
is blueberry good for diabetics, 0, 1, question, , 0.01, 22
is blueberry good for dogs, 0, 1, question, $0.20, 0.02, 14
is blueberry good for you, 0, 1, question, $0.05, 0.05, 40
is blueberry juice good for you, 0, 0, question, $0.58, 0.03, 23
is blueberry muffin healthy, 0, 1, question, , 0.00, 7
japanese blueberry, 2, 1, , $0.14, 0.50, 
jersey blueberry, 1, 1, , $0.71, 0.96, 
jordan blueberry, 0, 3, , $0.39, 0.92, 
jordan retro 12 blueberry, 0, 3, , $0.54, 1.00, 
le creuset blueberry, 5, 0, , $0.23, 1.00, 
matcha blueberry, 1, 1, , $0.98, 0.57, 
milkshake blueberry, 1, 0, , $1.93, 0.01, 1
mojito blueberry, 0, 0, , $2.16, 0.06, 9
movie blueberry, 1, 0, , , 0.00, 13
muffin blueberry, 0, 0, , $0.21, 0.87, 42
northern highbush blueberry, 1, 2, , $1.40, 0.76, 
perfume blueberry, 0, 0, , , 0.00, 
phone blueberry, 1, 0, , $0.14, 0.29, 13
pie blueberry, 0, 0, , , 0.00, 
pink lemonade blueberry, 6, 0, , $1.02, 1.00, 
pokedex blueberry, 0, 0, , , 0.00, 
price blueberry, 0, 0, , , 0.00, 
stardew valley blueberry, 1, 0, , , 0.00, 
stella rosa blueberry, 3, 0, , $0.45, 0.99, 
strawberry shortcake blueberry, 0, 0, , $0.27, 0.01, 
syrup blueberry, 0, 0, , , 0.00, 
the benefits of blueberry, 0, 0, , $0.87, 0.14, 38
tree of blueberry, 5, 0, , $0.42, 0.99, 18
unripe blueberry, 0, 0, , , 0.00, 
upick blueberry, 0, 0, , $2.17, 0.01, 34
uses of blueberry, 0, 0, , $0.11, 0.08, 12
veggietales madame blueberry, 3, 0, , $1.60, 0.00, 6
veruca salt blueberry, 0, 0, , , 0.00, 8
violet beauregarde blueberry, 1, 0, , $0.26, 0.00, 10
what are the benefits of blueberry, 1, 1, question, $0.04, 0.13, 42
when to plant blueberry, 0, 1, question, $1.09, 0.04, 7
which blueberry bush is best, 0, 0, question, , 0.00, 
which blueberry is the best, 0, 1, question, , 0.44, 
which blueberry is the sweetest, 0, 1, question, $0.32, 0.27, 
which blueberry plant is the sweetest, 0, 1, question, $3.09, 0.82, 63
which blueberry variety is the sweetest, 0, 1, question, , 0.21, 60
why blueberry leaves turn brown, 0, 0, question, , 0.00, 
why blueberry leaves turn red, 0, 0, question, , 0.00, 14
zootopia blueberry, 0, 1, , , 0.00, 
zyn cool blueberry, 0, 0, , $1.64, 0.98, 